source_id,edge_id,edge_kind,length_km,peak_inflow_kw,geometry_json,original_road_segments,building_id
H2,road::00031,road,0.2404608203313918,3076.463169046466,"[[10.1962881,50.026496],[10.1958354,50.0262897],[10.1956596,50.0262096],[10.1961994,50.0257391],[10.1968357,50.0260523],[10.1962881,50.026496]]",5,
H2,road::00032,road,0.07267647630795009,3070.877830190237,"[[10.1962881,50.026496],[10.1965221,50.0266021],[10.1966071,50.0266266],[10.1966943,50.0266399],[10.1967732,50.0266473],[10.1972398,50.0266596]]",5,
H2,road::00054,road,0.04901807374411721,221.7117702647773,"[[10.1968547,50.0250209],[10.1973514,50.0253245]]",1,
H2,road::00060,road,0.11242896585206508,3069.189903207728,"[[10.1972398,50.0266596],[10.1988095,50.0267057]]",1,
H2,road::00063,road,0.06852321306080021,443.9500885669328,"[[10.1973514,50.0253245],[10.1976591,50.0255265],[10.1979255,50.0256855],[10.1979866,50.0256554],[10.19804,50.025619]]",4,
H2,road::00071,road,0.033393470558227376,221.27121119800321,"[[10.1976799,50.0254023],[10.1977291,50.0253679],[10.1979002,50.0252485],[10.1980033,50.025311]]",3,
H2,road::00072,road,0.035279154849004776,222.04687795831987,"[[10.1976799,50.0254023],[10.1977582,50.0254511],[10.19804,50.025619]]",2,
H2,road::00077,road,0.04708607369823766,667.0413370323779,"[[10.19804,50.025619],[10.1982326,50.0257323],[10.1983097,50.0257777],[10.1983699,50.0258131],[10.1985317,50.0259003]]",4,
H2,road::00078,road,0.10790588566744905,6267.254422366742,"[[10.1980842,50.0360962],[10.1978942,50.036013],[10.1978691,50.036002],[10.1977073,50.0359312],[10.1978802,50.0357672],[10.1980596,50.0358513],[10.1982445,50.035938],[10.1980842,50.0360962]]",7,
H2,road::00079,road,0.020296038188346976,6264.598318751179,"[[10.1980842,50.0360962],[10.1983172,50.0362003]]",1,
H2,road::00080,road,0.04716811958039868,111.64118003934865,"[[10.198107,50.0262247],[10.1984402,50.0259719],[10.1984834,50.025939],[10.1985317,50.0259003]]",3,
H2,road::00085,road,0.024567405014440144,6264.0987551654225,"[[10.1983172,50.0362003],[10.1986247,50.036102]]",1,
H2,road::00094,road,0.03457270932068708,889.7518261130735,"[[10.1985317,50.0259003],[10.1987034,50.0259928],[10.1989041,50.0260984]]",2,
H2,road::00098,road,0.032626027762806174,224.71299131981064,"[[10.1986247,50.036102],[10.1990212,50.0359571]]",1,
H2,road::00099,road,0.12621704394405817,6038.781070825118,"[[10.1986247,50.036102],[10.1988414,50.0362753],[10.1989325,50.0363411],[10.1990352,50.036405],[10.199346,50.0365984],[10.1994756,50.036679],[10.1996377,50.0367799],[10.1996609,50.0367943],[10.1998608,50.0369093]]",8,
H2,road::00102,road,0.031972903034073144,3066.5787985150287,"[[10.1988095,50.0267057],[10.1989773,50.0267645],[10.1991618,50.0267798],[10.1992271,50.026764]]",3,
H2,road::00103,road,0.012023159796775772,1000.3396928723629,"[[10.1989041,50.0260984],[10.1990296,50.0261703]]",1,
H2,road::00107,road,0.043462413633945554,113.4970580449368,"[[10.1990212,50.0359571],[10.1992122,50.0358873],[10.1993362,50.0357954],[10.1994559,50.0356934]]",3,
H2,road::00108,road,0.01008459524542112,1000.5648319209683,"[[10.1990296,50.0261703],[10.1991373,50.0262288]]",1,
H2,road::00113,road,0.024828158090416965,1001.1191276660073,"[[10.1991373,50.0262288],[10.1993159,50.0263285],[10.1993642,50.0263554],[10.1993997,50.0263749]]",3,
H2,road::00114,road,0.054236199069211746,1420.7260371100713,"[[10.1992271,50.026764],[10.1993339,50.0267159],[10.1994346,50.026694],[10.1995223,50.0267018],[10.1996116,50.026734],[10.199687,50.0267468],[10.1997497,50.0267281],[10.1998597,50.0266337]]",7,
H2,road::00115,road,0.11394506922898175,1645.110243536468,"[[10.1992271,50.026764],[10.199305,50.026848],[10.1994451,50.0269812],[10.1995312,50.0270561],[10.1996254,50.0271456],[10.199699,50.0272392],[10.1997652,50.0273347],[10.1998845,50.0274888],[10.1999522,50.0275645],[10.2000287,50.0276467]]",9,
H2,road::00118,road,0.02187553802452701,1087.2807119557604,"[[10.1993997,50.0263749],[10.1994883,50.0264238],[10.199632,50.0265028]]",2,
H2,road::00119,road,0.12460973202705285,85.6723871093766,"[[10.1993997,50.0263749],[10.1994213,50.0263558],[10.1994453,50.0263346],[10.1999928,50.0259642],[10.2005911,50.0255581]]",4,
H2,road::00122,road,0.05756080028198962,112.54352100466487,"[[10.1994559,50.0356934],[10.199706,50.0358246],[10.2000728,50.0360256]]",2,
H2,road::00126,road,0.013216362226080474,110.87218506020147,"[[10.1996014,50.0378112],[10.199717,50.0377185]]",1,
H2,road::00129,road,0.021855229098062458,1198.1808435241167,"[[10.199632,50.0265028],[10.1997699,50.0265786],[10.1998597,50.0266337]]",2,
H2,road::00130,road,0.010647332555672776,110.65184492058917,"[[10.1996758,50.0280132],[10.1998242,50.0280061]]",1,
H2,road::00131,road,0.069589115252062,112.39889168537226,"[[10.199717,50.0377185],[10.2003416,50.0372388]]",1,
H2,road::00132,road,0.03262456310967463,111.28069841072676,"[[10.1998238,50.036263],[10.1998225,50.0362337],[10.1998453,50.0362026],[10.199886,50.036171],[10.2000728,50.0360256]]",4,
H2,road::00134,road,0.035639691370910685,111.43372455705492,"[[10.1998242,50.0280061],[10.2001241,50.0277502]]",1,
H2,road::00138,road,0.00439431883153844,221.3244597699112,"[[10.1998597,50.0266337],[10.1999054,50.0266601]]",1,
H2,road::00139,road,0.04931587120442528,5924.896444481372,"[[10.1998608,50.0369093],[10.1999606,50.0369668],[10.19998,50.0369779],[10.2002282,50.0371315],[10.2003713,50.0372069]]",4,
H2,road::00140,road,0.006495950576710259,110.41875854653397,"[[10.1999054,50.0266601],[10.1999644,50.0266157]]",1,
H2,road::00141,road,0.012986425875134504,110.80908671061387,"[[10.1999054,50.0266601],[10.2000409,50.0267378]]",1,
H2,road::00144,road,0.013381113029516506,1531.993748095784,"[[10.2000287,50.0276467],[10.2001241,50.0277502]]",1,
H2,road::00147,road,0.036552011889563286,1420.2581976695094,"[[10.2001241,50.0277502],[10.2001748,50.0277906],[10.2002272,50.0278301],[10.2002954,50.0278759],[10.20037,50.0279247],[10.2004845,50.0279814]]",5,
H2,road::00151,road,0.004135089980829371,5923.689875226962,"[[10.2003416,50.0372388],[10.2003713,50.0372069]]",1,
H2,road::00152,road,0.047355953103503254,5700.72205992978,"[[10.2003416,50.0372388],[10.2008635,50.0375007]]",1,
H2,road::00159,road,0.05827031088032978,111.84588673465703,"[[10.20046,50.0276949],[10.2009898,50.0280087],[10.2010343,50.0280622]]",2,
H2,road::00160,road,0.007307508138608122,1419.4355022287862,"[[10.2004845,50.0279814],[10.200573,50.0280142]]",1,
H2,road::00165,road,0.030286652368872298,1419.271030896775,"[[10.200573,50.0280142],[10.2006134,50.0280291],[10.2007544,50.0280744],[10.200873,50.0281062],[10.2009554,50.0281305]]",4,
H2,road::00170,road,0.039375460521899226,111.28262420865214,"[[10.2007822,50.0284548],[10.2009351,50.028298],[10.2009163,50.0282691],[10.200917,50.0282192],[10.2009873,50.028144]]",4,
H2,road::00171,road,0.006975931543883608,4147.902467196804,"[[10.2008635,50.0375007],[10.2009279,50.0374536]]",1,
H2,road::00172,road,0.012787532743613682,1330.9142985003527,"[[10.2008635,50.0375007],[10.2010202,50.037556]]",1,
H2,road::00173,road,0.037505289795798556,4147.737182907014,"[[10.2009279,50.0374536],[10.2010035,50.0374006],[10.2010475,50.0373624],[10.2012492,50.0371875]]",3,
H2,road::00174,road,0.0027318778548043546,556.1294438914119,"[[10.2009554,50.0281305],[10.2009873,50.028144]]",1,
H2,road::00175,road,0.009463232695325115,862.4599223207788,"[[10.2009554,50.0281305],[10.2010343,50.0280622]]",1,
H2,road::00176,road,0.032207105388498684,444.7863582945689,"[[10.2009873,50.028144],[10.2010527,50.0281717],[10.2011315,50.0282166],[10.2012,50.0282618],[10.2012639,50.0283065],[10.2012858,50.0283239],[10.2013104,50.0283436]]",6,
H2,road::00179,road,0.024680675886165685,1220.1792284029798,"[[10.2010202,50.037556],[10.2012934,50.0376915]]",1,
H2,road::00180,road,0.02488114203836351,750.403336733116,"[[10.2010343,50.0280622],[10.2011369,50.0280076],[10.2013143,50.0279299]]",2,
H2,road::00181,road,0.015203521608692906,1108.6710634342662,"[[10.2011542,50.0377948],[10.2012934,50.0376915]]",1,
H2,road::00182,road,0.04226867627992638,998.035017595541,"[[10.2011542,50.0377948],[10.2016224,50.0380266]]",1,
H2,road::00183,road,0.026704121221728352,3815.2319081458727,"[[10.2012492,50.0371875],[10.2014715,50.0369946]]",1,
H2,road::00184,road,0.014253604517863904,110.95481103762906,"[[10.2012934,50.0376915],[10.2014354,50.0377814]]",1,
H2,road::00185,road,0.029205176741600516,333.7211919553025,"[[10.2013104,50.0283436],[10.2014753,50.0284827],[10.2015582,50.0285523]]",2,
H2,road::00186,road,0.05096234793848338,639.4912272128694,"[[10.2013143,50.0279299],[10.2014351,50.0278628],[10.2015469,50.0277947],[10.2015966,50.027757],[10.2016075,50.0277476],[10.2017271,50.0276616],[10.2017933,50.0275939]]",6,
H2,road::00191,road,0.020360078150010147,3704.0536730517797,"[[10.2014715,50.0369946],[10.2015664,50.0369123],[10.2016349,50.0368448]]",2,
H2,road::00192,road,0.042275066332725535,222.69036983427307,"[[10.2015582,50.0285523],[10.2017525,50.0287155],[10.2019175,50.0288541]]",2,
H2,road::00193,road,0.0386391387184755,334.1323028175721,"[[10.2016224,50.0380266],[10.2020219,50.0382604]]",1,
H2,road::00194,road,0.017804421717089826,3400.6607603336606,"[[10.2016349,50.0368448],[10.2018406,50.0369349]]",1,
H2,road::00195,road,0.042748865596449345,302.91444024269566,"[[10.2016349,50.0368448],[10.2019677,50.0365371],[10.2019769,50.0365296]]",2,
H2,road::00196,road,0.007950899918338005,110.36047530428172,"[[10.2016456,50.0275397],[10.2017108,50.0274818]]",1,
H2,road::00197,road,0.012165790616908246,110.62736964491265,"[[10.2016456,50.0275397],[10.2017933,50.0275939]]",1,
H2,road::00202,road,0.003957761273461032,527.7341216506967,"[[10.2017933,50.0275939],[10.2018412,50.0276117]]",1,
H2,road::00206,road,0.03538623050812146,3317.3295765252797,"[[10.2018406,50.0369349],[10.2022494,50.037114]]",1,
H2,road::00207,road,0.024689976884450168,443.2330418389412,"[[10.2018412,50.0276117],[10.20189,50.0275644],[10.2020401,50.0274303]]",2,
H2,road::00208,road,0.0709709201698153,84.41353627434238,"[[10.2018412,50.0276117],[10.2022068,50.0277472],[10.2026986,50.0279326]]",2,
H2,road::00210,road,0.04448704857234621,111.36026108518944,"[[10.2019175,50.0288541],[10.2021631,50.0290578],[10.2022998,50.0291696]]",2,
H2,road::00211,road,0.06063258052984675,191.55157610305997,"[[10.2019769,50.0365296],[10.202075,50.03645],[10.2021728,50.0363765],[10.2023308,50.0362741],[10.2025139,50.0361574],[10.2025545,50.0361315]]",5,
H2,road::00212,road,0.03906978781575623,111.66898011849268,"[[10.2020219,50.0382604],[10.2024479,50.0384802]]",1,
H2,road::00213,road,0.026166154347049872,110.96796869159796,"[[10.2020244,50.0372995],[10.2022494,50.037114]]",1,
H2,road::00214,road,0.031446127803024145,221.5899387416593,"[[10.2020401,50.0274303],[10.2021662,50.0273175],[10.2023013,50.0272029]]",2,
H2,road::00215,road,0.023658732231500054,110.8910598812002,"[[10.2020401,50.0274303],[10.2023124,50.027551]]",1,
H2,road::00217,road,0.011418245254896788,3095.2677567343135,"[[10.2022494,50.037114],[10.2023813,50.0371718]]",1,
H2,road::00223,road,0.006129223864926396,220.89855325436884,"[[10.2023013,50.0272029],[10.2023531,50.027159]]",1,
H2,road::00224,road,0.0035450245128846977,110.28671011302112,"[[10.2023531,50.027159],[10.202393,50.0271779]]",1,
H2,road::00226,road,0.02711022400266263,2984.644914576143,"[[10.2023813,50.0371718],[10.2026812,50.0373208]]",1,
H2,road::00232,road,0.0606948270297458,190.21927903224673,"[[10.2025545,50.0361315],[10.2026913,50.0362416],[10.2029338,50.0364313],[10.2031003,50.0365491]]",3,
H2,road::00236,road,0.06137772919202199,2652.2086992198115,"[[10.2026812,50.0373208],[10.2033601,50.0376582]]",1,
H2,road::00244,road,0.017417950378425466,162.97649686288676,"[[10.2029273,50.0366593],[10.2031003,50.0365491]]",1,
H2,road::00256,road,0.06322623193590225,2208.7719459055565,"[[10.2033601,50.0376582],[10.2040594,50.0380058]]",1,
H2,road::00259,road,0.07576003915052329,542.5827973159157,"[[10.2034146,50.0366455],[10.2031435,50.0368184],[10.203577,50.0371531]]",2,
H2,road::00260,road,0.037443942126681506,404.69710615881047,"[[10.2034146,50.0366455],[10.2038861,50.0364994]]",1,
H2,road::00269,road,0.05214619572118021,654.2138276065664,"[[10.203577,50.0371531],[10.2036445,50.0371925],[10.2041169,50.0374681]]",2,
H2,road::00272,road,0.04620037056195169,156.5413935202522,"[[10.2036144,50.0361225],[10.2038861,50.0364994]]",1,
H2,road::00273,road,0.03730707731446442,111.1104328118399,"[[10.2036798,50.0382358],[10.2040594,50.0380058]]",1,
H2,road::00281,road,0.016280631269763327,136.89701996825985,"[[10.2038861,50.0364994],[10.2039819,50.0366322]]",1,
H2,road::00290,road,0.014261921079314817,1985.7405662700896,"[[10.2040594,50.0380058],[10.2042147,50.0379254]]",1,
H2,road::00296,road,0.013375357530904079,764.8896277418579,"[[10.2041169,50.0374681],[10.2042078,50.0374927],[10.2042952,50.0374845]]",2,
H2,road::00297,road,0.041831471274017866,1875.094991759161,"[[10.2042147,50.0379254],[10.2046171,50.0376525]]",1,
H2,road::00301,road,0.03215426718014438,875.8822869569104,"[[10.2042952,50.0374845],[10.2046687,50.0373237]]",1,
H2,road::00308,road,0.018368997728858222,221.86956627091408,"[[10.2046171,50.0376525],[10.2047988,50.0377692]]",1,
H2,road::00309,road,0.02412255227927755,1652.2756297473618,"[[10.2046171,50.0376525],[10.2048491,50.0374951]]",1,
H2,road::00310,road,0.023019080254104582,986.9876819697987,"[[10.2046687,50.0373237],[10.2048491,50.0374951]]",1,
H2,road::00312,road,0.021915344031136548,664.7425734686017,"[[10.2048491,50.0374951],[10.204876,50.0375155],[10.2050402,50.0376491]]",2,
H2,road::00317,road,0.02015038731025295,553.9677135364265,"[[10.2050402,50.0376491],[10.2052291,50.0377835]]",1,
H2,road::00320,road,0.004242403317341837,443.2097353255545,"[[10.2052291,50.0377835],[10.2052722,50.0378097]]",1,
H2,road::00322,road,0.043448475964581,221.714330781345,"[[10.2052722,50.0378097],[10.2057135,50.0380781]]",1,
H2,road::00478,road,0.03659922422407448,3372.387638893946,"[[10.2090293,50.0386798],[10.2090969,50.0387134],[10.2094125,50.0388616],[10.209441,50.0388751]]",3,
H2,road::00479,road,0.09809780843077574,3371.5328159154906,"[[10.2090293,50.0386798],[10.2090719,50.0386404],[10.2092378,50.0384869],[10.2093104,50.0383999],[10.2097319,50.0379947],[10.2097845,50.0379441]]",5,
H2,road::00480,road,0.03859657724851221,111.07087486096563,"[[10.2091952,50.0376684],[10.2092532,50.0376118],[10.209347,50.0375198],[10.2093961,50.0374738],[10.2095416,50.0375379]]",4,
H2,road::00481,road,0.04150242502158984,111.98138367724471,"[[10.2091952,50.0376684],[10.209265,50.0376988],[10.209366,50.03774],[10.2094723,50.0377833],[10.2096716,50.0378808]]",4,
H2,road::00490,road,0.09603006927241602,3374.965713106196,"[[10.2093426,50.0389875],[10.2090916,50.039274],[10.2090575,50.0392544],[10.2089941,50.0391448],[10.208999,50.0391032],[10.2091525,50.0389209],[10.2093426,50.0389875]]",6,
H2,road::00491,road,0.014345414707188956,3372.7226969962794,"[[10.2093426,50.0389875],[10.209441,50.0388751]]",1,
H2,road::00506,road,0.027989755540161528,110.96064543909065,"[[10.2096127,50.0373846],[10.2098286,50.0371747]]",1,
H2,road::00507,road,0.010714521039037996,1475.8619265524771,"[[10.2096716,50.0378808],[10.2097845,50.0379441]]",1,
H2,road::00508,road,0.07161905338963698,1363.6391264504755,"[[10.2096716,50.0378808],[10.2098042,50.0377546],[10.2101059,50.0374674],[10.2102335,50.0373478]]",3,
H2,road::00516,road,0.10916948421318187,1893.3797225930318,"[[10.2097845,50.0379441],[10.2098701,50.037992],[10.210131,50.0381031],[10.2110479,50.0384935]]",3,
H2,road::00517,road,0.01145045528745926,137.1842580884468,"[[10.2098286,50.0371747],[10.2099633,50.0372303]]",1,
H2,road::00527,road,0.011726910020704008,247.68682659068511,"[[10.2099633,50.0372303],[10.2100983,50.0372901]]",1,
H2,road::00530,road,0.01160801011389881,358.11554145054225,"[[10.2100983,50.0372901],[10.2102335,50.0373478]]",1,
H2,road::00539,road,0.014707313717123954,110.65092198399888,"[[10.2102116,50.0364313],[10.2103503,50.0364897],[10.2103844,50.0365029]]",2,
H2,road::00540,road,0.021836435828072397,110.63748335684953,"[[10.2102156,50.0366665],[10.2103147,50.0365705],[10.2103844,50.0365029]]",2,
H2,road::00543,road,0.05893727059243682,1003.9133802473631,"[[10.2102335,50.0373478],[10.2105616,50.0370402],[10.2106996,50.0369108]]",2,
H2,road::00544,road,0.013177439529863503,110.6333514845712,"[[10.210361,50.0369057],[10.210465,50.0368079]]",1,
H2,road::00547,road,0.04603330068619109,222.3005236999036,"[[10.2103844,50.0365029],[10.2107437,50.0366428],[10.2107981,50.0366573],[10.2108548,50.0366594],[10.210959,50.0366418]]",4,
H2,road::00548,road,0.020314716907635026,221.25410898957054,"[[10.210465,50.0368079],[10.2106996,50.0369108]]",1,
H2,road::00561,road,0.035232574052183635,781.3434081952807,"[[10.2106996,50.0369108],[10.2108181,50.0367978],[10.2108952,50.0367068],[10.210959,50.0366418]]",3,
H2,road::00562,road,0.043596841863522945,383.2641126077389,"[[10.2107535,50.0370282],[10.2108141,50.0369709],[10.2108748,50.0369135],[10.2109416,50.0368503],[10.2110461,50.0367516],[10.2110925,50.0367025]]",5,
H2,road::00563,road,0.04691275350176836,382.3025126205258,"[[10.2107535,50.0370282],[10.2108491,50.0370697],[10.2112901,50.0372706]]",2,
H2,road::00564,road,0.03541388080319613,111.80100933661349,"[[10.2107685,50.0377605],[10.2110483,50.0374978]]",1,
H2,road::00573,road,0.017192845908275283,26.377126950051373,"[[10.2108483,50.0374121],[10.2110483,50.0374978]]",1,
H2,road::00576,road,0.011696136593900789,558.2596739534448,"[[10.210959,50.0366418],[10.2110925,50.0367025]]",1,
H2,road::00579,road,0.14585810895100715,1668.6758432521508,"[[10.2110479,50.0384935],[10.2122305,50.0374251]]",1,
H2,road::00580,road,0.030620571009184777,360.96663085425,"[[10.2110483,50.0374978],[10.2112901,50.0372706]]",1,
H2,road::00581,road,0.13871912212293874,174.73669389715207,"[[10.2110925,50.0367025],[10.2111339,50.0366586],[10.2112311,50.036557],[10.2112517,50.0365373],[10.2114422,50.0363565],[10.2115338,50.0362812],[10.2116204,50.0362209],[10.2117411,50.0361503],[10.2117922,50.0361279],[10.211885,50.036094],[10.2119608,50.0360699],[10.2120873,50.0360438],[10.212146,50.0360357],[10.2122555,50.0360272],[10.2123427,50.0360294],[10.2124493,50.0360368],[10.2125549,50.0360482]]",16,
H2,road::00619,road,0.03646094456187873,21.256387171144496,"[[10.2121033,50.0369655],[10.2125279,50.0371468]]",1,
H2,road::00624,road,0.027797422690041422,811.5463588387161,"[[10.2122305,50.0374251],[10.2124526,50.03722]]",1,
H2,road::00635,road,0.009761376343893234,784.9211573958598,"[[10.2124526,50.03722],[10.2125279,50.0371468]]",1,
H2,road::00637,road,0.041323684199665714,27.988633769507164,"[[10.212516,50.0385005],[10.212838,50.038192]]",1,
H2,road::00638,road,0.007225340995559626,763.4477622977241,"[[10.2125279,50.0371468],[10.212546,50.0371292],[10.212566,50.0371131],[10.2125994,50.0371042]]",3,
H2,road::00641,road,0.04280390760073516,138.71864667736304,"[[10.2125549,50.0360482],[10.2127071,50.0360692],[10.2128427,50.0360913],[10.2129527,50.0361051],[10.2131422,50.0361184]]",4,
H2,road::00643,road,0.016074628020960033,132.53045544425203,"[[10.2125687,50.036961],[10.2125994,50.0371042]]",1,
H2,road::00644,road,0.07278280121103466,111.97595827801548,"[[10.2125687,50.036961],[10.2123671,50.0368215],[10.2123932,50.0367948],[10.2124912,50.0366887],[10.2126069,50.0365287],[10.2126293,50.0364673],[10.2126322,50.0363978]]",6,
H2,road::00648,road,0.006859295560896421,630.7567457081831,"[[10.2125994,50.0371042],[10.2126407,50.03711],[10.2126821,50.0371319]]",2,
H2,road::00652,road,0.014982567575209703,604.615500061449,"[[10.2126821,50.0371319],[10.2128073,50.0372399]]",1,
H2,road::00660,road,0.06344911326469793,525.8451719887233,"[[10.2128073,50.0372399],[10.2133732,50.0376792]]",1,
H2,road::00661,road,0.019346070107731407,110.76055576170334,"[[10.212838,50.038192],[10.2130637,50.0382878]]",1,
H2,road::00662,road,0.02901051782285647,302.6842026919412,"[[10.212838,50.038192],[10.213064,50.0379754]]",1,
H2,road::00665,road,0.026041529363677568,26.46738240990277,"[[10.2128677,50.0365735],[10.213044,50.0364687],[10.2131504,50.0364278]]",2,
H2,road::00675,road,0.039677620729679265,524.4417640539499,"[[10.213064,50.0379754],[10.2133732,50.0376792]]",1,
H2,road::00678,road,0.013825386770648578,137.77908742796714,"[[10.2131422,50.0361184],[10.2132453,50.0361381],[10.2133267,50.0361553]]",2,
H2,road::00679,road,0.03283042545290302,137.4756214831374,"[[10.2131504,50.0364278],[10.2132308,50.0363076],[10.2132844,50.036228],[10.2133267,50.0361553]]",3,
H2,road::00797,road,0.025106116359550214,301.62448219944474,"[[10.2165667,50.0413864],[10.2165869,50.0416118]]",1,
H2,road::00798,road,0.05850804070538118,329.02995358108313,"[[10.2165667,50.0413864],[10.2165452,50.0411741],[10.2169225,50.0411394],[10.2170272,50.041129]]",3,
H2,road::00799,road,0.029820238866697848,164.38111072427506,"[[10.2165688,50.0418434],[10.2164776,50.0416972],[10.2165869,50.0416118]]",2,
H2,road::00800,road,0.03542744043292543,53.166881685197545,"[[10.2165688,50.0418434],[10.2167531,50.0421391]]",1,
H2,road::00802,road,0.008253118278377065,3655.790752686929,"[[10.2168008,50.0389583],[10.2168059,50.0389344],[10.2168228,50.0388855]]",2,
H2,road::00803,road,0.12835032794814674,3655.596973284185,"[[10.2168008,50.0389583],[10.2167981,50.0389711],[10.2167615,50.0391327],[10.2167421,50.0392802],[10.2167338,50.0394468],[10.2167332,50.0395707],[10.2167699,50.0396639],[10.2168587,50.0397432],[10.216976,50.0398214],[10.2170862,50.0398961],[10.2171815,50.0399629],[10.2172258,50.0399953]]",11,
H2,road::00804,road,0.024693523549119863,3656.3705514321423,"[[10.2168228,50.0388855],[10.2168975,50.0386687]]",1,
H2,road::00806,road,0.06071769204493447,12724.618226926576,"[[10.2168975,50.0386687],[10.2173846,50.0387828],[10.2176949,50.0388555]]",2,
H2,road::00807,road,0.012283594525417448,3651.201812778269,"[[10.2169,50.0405548],[10.2169002,50.0405025],[10.2169088,50.0404446]]",2,
H2,road::00808,road,0.012640291862042446,3624.806792169433,"[[10.2169,50.0405548],[10.2169253,50.0406673]]",1,
H2,road::00809,road,0.058844727458607665,3652.583377719204,"[[10.2169088,50.0404446],[10.2168828,50.0403364],[10.2168954,50.040269],[10.2169327,50.0402069],[10.2169796,50.040158],[10.217088,50.0400737],[10.2172258,50.0399953]]",6,
H2,road::00811,road,0.051856149752667106,3572.0298617885564,"[[10.2169253,50.0406673],[10.2170272,50.041129]]",1,
H2,road::00820,road,0.030187768617019505,3189.5355116534647,"[[10.2170272,50.041129],[10.2170905,50.0413974]]",1,
H2,road::00823,road,0.008918743851651787,3160.388407441469,"[[10.2170905,50.0413974],[10.2172137,50.0413852]]",1,
H2,road::00824,road,0.10010386694839682,28.444429256352006,"[[10.2170905,50.0413974],[10.2173027,50.0422872]]",1,
H2,road::00827,road,0.008823358844963112,26.251917560478734,"[[10.2171918,50.0423219],[10.2173027,50.0422872]]",1,
H2,road::00828,road,0.048133616592033864,3108.035979839021,"[[10.2172137,50.0413852],[10.2178779,50.0413165]]",1,
H2,road::00860,road,0.15571041042202982,12722.953186058465,"[[10.2176949,50.0388555],[10.2177945,50.03868],[10.2185442,50.0388557],[10.2184445,50.0390311],[10.2176949,50.0388555]]",4,
H2,road::00864,road,0.01873670012806541,105.1481826672903,"[[10.2177183,50.0422055],[10.217772,50.042283],[10.2178457,50.0423519]]",2,
H2,road::00867,road,0.016286234198609768,157.28603725383076,"[[10.2177559,50.0408472],[10.2179235,50.0409463]]",1,
H2,road::00872,road,0.04875877938207242,184.79577292359616,"[[10.2178443,50.0418291],[10.2182129,50.0414603]]",1,
H2,road::00873,road,0.009022723225099196,183.8815134525565,"[[10.2178457,50.0423519],[10.2179356,50.0424088]]",1,
H2,road::00874,road,0.014556047485546657,78.53510199197027,"[[10.2178457,50.0423519],[10.2178806,50.0423304],[10.2179651,50.0423028],[10.2180254,50.0423045]]",3,
H2,road::00875,road,0.008614451196401366,3002.1744028510893,"[[10.2178779,50.0413165],[10.2179811,50.0413564]]",1,
H2,road::00876,road,0.013784523561713054,209.80100640157684,"[[10.2179235,50.0409463],[10.2180763,50.0410218]]",1,
H2,road::00877,road,0.023269415105185175,204.50395683301844,"[[10.2179356,50.0424088],[10.2180322,50.0424561],[10.2181914,50.042538]]",2,
H2,road::00880,road,0.020212851503751527,2396.4335581637956,"[[10.2179811,50.0413564],[10.2182129,50.0414603]]",1,
H2,road::00881,road,0.03424903923289239,579.4792407499617,"[[10.2179811,50.0413564],[10.2182484,50.0411009]]",1,
H2,road::00887,road,0.003073784603486891,52.16873105950368,"[[10.2180254,50.0423045],[10.218067,50.0423114]]",1,
H2,road::00888,road,0.00530189652441709,26.2263002124136,"[[10.218067,50.0423114],[10.2181233,50.0423424]]",1,
H2,road::00889,road,0.0151326392563731,315.2899716889649,"[[10.2180763,50.0410218],[10.2182484,50.0411009]]",1,
H2,road::00890,road,0.032652602467123974,53.04294176773459,"[[10.2180763,50.0410218],[10.2183423,50.0407832]]",1,
H2,road::00891,road,0.020289595934275463,26.37598127424512,"[[10.2181116,50.0406771],[10.2183423,50.0407832]]",1,
H2,road::00898,road,0.018379842759898554,204.90792912414764,"[[10.2181914,50.042538],[10.2183098,50.0424352],[10.2183437,50.0424049]]",2,
H2,road::00900,road,0.036302027592075944,2106.874133357198,"[[10.2182129,50.0414603],[10.2186133,50.0416608]]",1,
H2,road::00904,road,0.01098991428678218,77.91348911837059,"[[10.2182443,50.0418585],[10.2183402,50.0417813]]",1,
H2,road::00905,road,0.03265501401084221,211.32589823996273,"[[10.2182484,50.0411009],[10.2185058,50.0408584]]",1,
H2,road::00912,road,0.012532948931099819,56.522394112426106,"[[10.2183081,50.0425284],[10.2184084,50.042436]]",1,
H2,road::00914,road,0.02887662542829879,130.57363306890497,"[[10.2183402,50.0417813],[10.2184449,50.0418117],[10.2186133,50.0416608]]",2,
H2,road::00915,road,0.005778430308458249,205.0349341059775,"[[10.2183437,50.0424049],[10.2184084,50.042436]]",1,
H2,road::00922,road,0.00805777377029853,261.73462987875183,"[[10.2184084,50.042436],[10.2184729,50.0423766]]",1,
H2,road::00927,road,0.007884852024028284,78.95390566240154,"[[10.2184729,50.0423766],[10.2185627,50.0424177]]",1,
H2,road::00928,road,0.03290822034605224,341.4137816016446,"[[10.2184729,50.0423766],[10.2185185,50.0423346],[10.2187304,50.0421314]]",2,
H2,road::00931,road,0.021401433059498508,158.347563351689,"[[10.2185058,50.0408584],[10.2186718,50.0406983]]",1,
H2,road::00932,road,0.03670786178567326,52.83241569922365,"[[10.2185627,50.0424177],[10.2189528,50.0426321]]",1,
H2,road::00937,road,0.005794762016489633,52.14296856175809,"[[10.2186073,50.0420728],[10.2186724,50.0421038]]",1,
H2,road::00939,road,0.023856752997407187,131.01870500150343,"[[10.2186133,50.0416608],[10.2187496,50.0415242],[10.2187537,50.0415096],[10.2187403,50.0414992],[10.2187121,50.0414837]]",4,
H2,road::00940,road,0.015787415767456472,1844.4538887452884,"[[10.2186133,50.0416608],[10.2186402,50.0416743],[10.2187915,50.0417445]]",2,
H2,road::00944,road,0.0330894107412338,105.63552309517928,"[[10.2186718,50.0406983],[10.2190439,50.040875]]",1,
H2,road::00946,road,0.005161508266959499,52.25607125202725,"[[10.2186724,50.0421038],[10.2187304,50.0421314]]",1,
H2,road::00950,road,0.03360663424334166,104.53765448773218,"[[10.2187121,50.0414837],[10.2187027,50.0414622],[10.2187148,50.0414346],[10.2189307,50.0412253]]",3,
H2,road::00951,road,0.004836416095025821,393.776550064363,"[[10.2187304,50.0421314],[10.2187681,50.0420953]]",1,
H2,road::00956,road,0.032567134381898,800.307149973662,"[[10.2187681,50.0420953],[10.2190189,50.0418509]]",1,
H2,road::00957,road,0.027092061847185947,405.8063728363539,"[[10.2187681,50.0420953],[10.219061,50.0422497]]",1,
H2,road::00959,road,0.015275076516671107,1844.0956412031942,"[[10.2187915,50.0417445],[10.2189646,50.0418249]]",1,
H2,road::00968,road,0.014657687636510626,56.46557767992318,"[[10.218962,50.0423651],[10.219061,50.0422497]]",1,
H2,road::00969,road,0.004842885969787677,910.8396963407654,"[[10.2189646,50.0418249],[10.2190189,50.0418509]]",1,
H2,road::00970,road,0.0250833555357402,932.909325685839,"[[10.2189646,50.0418249],[10.2191562,50.041636]]",1,
H2,road::00974,road,0.020252538146637078,78.8520784301255,"[[10.2190439,50.040875],[10.2192003,50.0407232]]",1,
H2,road::00978,road,0.047794373168664125,212.54488646016247,"[[10.219061,50.0422497],[10.2191919,50.0423187],[10.2195806,50.0425198]]",2,
H2,road::00987,road,0.029247031485250145,875.8283803717657,"[[10.2191562,50.041636],[10.2193795,50.0414157]]",1,
H2,road::00988,road,0.020147376414325225,26.400533260452544,"[[10.2192003,50.0407232],[10.2193545,50.0405716]]",1,
H2,road::00991,road,0.012876178032976502,26.330747893757568,"[[10.219207,50.041383],[10.2192839,50.0413953],[10.2193795,50.0414157]]",2,
H2,road::01002,road,0.03662208155812793,52.55700836339881,"[[10.2193347,50.0427469],[10.2194516,50.0428055],[10.2197286,50.0429571]]",2,
H2,road::01005,road,0.034212413190192775,738.4084380098675,"[[10.2193795,50.0414157],[10.2194229,50.0413729],[10.2194692,50.04132],[10.2196391,50.0411575]]",3,
H2,road::01008,road,0.02056172826844341,26.614116490386966,"[[10.2194011,50.0426642],[10.2195806,50.0425198]]",1,
H2,road::01010,road,0.020731056313041136,26.4058926286957,"[[10.2194644,50.0426989],[10.219643,50.0425521]]",1,
H2,road::01021,road,0.00573013764457937,158.76245768929164,"[[10.2195806,50.0425198],[10.2196078,50.0425339],[10.219643,50.0425521]]",2,
H2,road::01026,road,0.0055301928304517765,429.9776869919371,"[[10.2196391,50.0411575],[10.2196937,50.0411927]]",1,
H2,road::01027,road,0.019648474001145336,307.67085705619996,"[[10.2196391,50.0411575],[10.2197747,50.0410252],[10.2197903,50.04101]]",2,
H2,road::01028,road,0.017733728385103762,26.254064596566216,"[[10.219643,50.0425521],[10.2197975,50.0424274]]",1,
H2,road::01029,road,0.03410762375539401,79.99846654080108,"[[10.219643,50.0425521],[10.2200145,50.0427443]]",1,
H2,road::01032,road,0.006532821553117642,319.0869256637151,"[[10.2196937,50.0411927],[10.2197628,50.0412311]]",1,
H2,road::01033,road,0.020643149344837634,110.76867151384344,"[[10.2196937,50.0411927],[10.2198409,50.0410528],[10.2198555,50.041039]]",2,
H2,road::01037,road,0.03127952165140849,53.24244120743877,"[[10.2197286,50.0429571],[10.2200145,50.0427443]]",1,
H2,road::01040,road,0.08292816314781552,239.9473159523785,"[[10.2197628,50.0412311],[10.2206403,50.0417183]]",1,
H2,road::01042,road,0.10234466464340601,113.88991423865907,"[[10.2197903,50.04101],[10.2204717,50.0403546],[10.2205929,50.0402483]]",2,
H2,road::01058,road,0.03826562731968595,111.20821133869408,"[[10.2200706,50.0404088],[10.220235,50.0402627],[10.2203308,50.0401777],[10.2203843,50.0401301]]",3,
H2,road::01075,road,0.019887836237178165,111.644521489915,"[[10.2203843,50.0401301],[10.220546,50.0402217],[10.2205929,50.0402483]]",2,
H2,road::01088,road,0.03948060344970011,53.72827581504039,"[[10.2206403,50.0417183],[10.2210426,50.0419613]]",1,
H2,service::00000,service,0.0271756502317077,110.56751590979856,"[[10.20046,50.0276949],[10.2008125,50.0277859]]",0,OSM_W1013912985
H2,service::00001,service,0.0622987389271974,27.08355543554383,"[[10.212516,50.0385005],[10.211882,50.0381165]]",0,OSM_W1037625557
H2,service::00002,service,0.0195678605536198,110.40061423109623,"[[10.2019175,50.0288541],[10.2016813,50.0289428]]",0,OSM_W1037767021
H2,service::00003,service,0.0188235565179453,110.384285553892,"[[10.2022998,50.0291696],[10.2025604,50.0291928]]",0,OSM_W1037767274
H2,service::00004,service,0.0189601913716232,110.38728307335197,"[[10.2015582,50.0285523],[10.2017449,50.0284313]]",0,OSM_W1037767535
H2,service::00005,service,0.017439603542017,110.35392417008248,"[[10.2013104,50.0283436],[10.2015529,50.0283278]]",0,OSM_W1037767536
H2,service::00006,service,0.0176866183063878,110.35934321718211,"[[10.2013143,50.0279299],[10.2013773,50.0280837]]",0,OSM_W1037767537
H2,service::00007,service,0.013899014268487202,110.27625031732748,"[[10.1999644,50.0266157],[10.199944,50.0264914]]",0,OSM_W1037772034
H2,service::00008,service,0.0200109451206028,110.41033470587126,"[[10.199632,50.0265028],[10.1998303,50.0263759]]",0,OSM_W1037772035
H2,service::00009,service,0.0189707553863205,110.3875148285799,"[[10.1968547,50.0250209],[10.1969066,50.0251882]]",0,OSM_W1037772950
H2,service::00010,service,0.0125440238644303,110.24652444601969,"[[10.1968547,50.0250209],[10.1968132,50.0251305]]",0,OSM_W1037772951
H2,service::00011,service,0.0144981522378919,110.28939425786992,"[[10.1973514,50.0253245],[10.197153,50.025351]]",0,OSM_W1037772952
H2,service::00012,service,0.0211682503422361,110.43572390892697,"[[10.1973514,50.0253245],[10.1970596,50.0252931]]",0,OSM_W1037772953
H2,service::00013,service,0.0259548526274214,110.54073365845163,"[[10.2000287,50.0276467],[10.1996896,50.0277296]]",0,OSM_W1134182162
H2,service::00014,service,0.0252006697193477,110.52418816492394,"[[10.2000409,50.0267378],[10.1999799,50.026961]]",0,OSM_W1135959232
H2,service::00015,service,0.0204995589530853,110.42105401480545,"[[10.2016224,50.0380266],[10.2013604,50.0381012]]",0,OSM_W1144955916
H2,service::00016,service,0.0261964168107865,110.54603316911414,"[[10.2016224,50.0380266],[10.2013066,50.0381458]]",0,OSM_W1144955917
H2,service::00017,service,0.0318861676339357,110.67085702543984,"[[10.2016224,50.0380266],[10.2012549,50.0381888]]",0,OSM_W1144955918
H2,service::00018,service,0.0156444842027989,110.31454260665295,"[[10.2016224,50.0380266],[10.20141,50.03806]]",0,OSM_W1144955920
H2,service::00019,service,0.0226283570350133,110.46775607019433,"[[10.2003416,50.0372388],[10.2003974,50.0374391]]",0,OSM_W1144955921
H2,service::00020,service,0.0215102672966605,110.44322715301759,"[[10.2008635,50.0375007],[10.200565,50.0375237]]",0,OSM_W1144955922
H2,service::00021,service,0.01534923053006,110.3080652987557,"[[10.2008635,50.0375007],[10.2007564,50.0376203]]",0,OSM_W1144955923
H2,service::00022,service,0.0217164801009734,110.44775109650689,"[[10.2010202,50.037556],[10.2013063,50.0374908]]",0,OSM_W1144955924
H2,service::00023,service,0.0267190605689851,110.55749909527516,"[[10.2012492,50.0371875],[10.2014184,50.0374017]]",0,OSM_W1144955925
H2,service::00024,service,0.024392683044276,110.5064623200668,"[[10.2012492,50.0371875],[10.2015173,50.037323]]",0,OSM_W1144955926
H2,service::00025,service,0.0264995844656689,110.55268415759154,"[[10.2012492,50.0371875],[10.2016053,50.037253]]",0,OSM_W1144955927
H2,service::00026,service,0.0222089992942881,26.2055104621982,"[[10.2039819,50.0366322],[10.2042908,50.0366126]]",0,OSM_W1291890868
H2,service::00027,service,0.0199131316989617,110.40818885582071,"[[10.2057135,50.0380781],[10.2056955,50.0378994]]",0,OSM_W1291899677
H2,service::00028,service,0.0178573259793209,110.36308822849863,"[[10.2052722,50.0378097],[10.2055179,50.0377815]]",0,OSM_W1291899678
H2,service::00029,service,0.0155300759892565,110.31203270634762,"[[10.2052291,50.0377835],[10.2053404,50.0376636]]",0,OSM_W1291899679
H2,service::00030,service,0.0289471770371254,110.60638028644401,"[[10.198107,50.0262247],[10.1979937,50.0264746]]",0,OSM_W1304111051
H2,service::00031,service,0.0331833847220853,26.445868270986765,"[[10.2122305,50.0374251],[10.2126317,50.0375748]]",0,OSM_W1304152406
H2,service::00032,service,0.0273552464152347,26.318221789413382,"[[10.2122305,50.0374251],[10.212547,50.0375631]]",0,OSM_W1304152407
H2,service::00033,service,0.036352733968097,26.51528286644134,"[[10.212838,50.038192],[10.21233,50.0381864]]",0,OSM_W1304152408
H2,service::00034,service,0.0302397006565285,26.381396330667762,"[[10.212838,50.038192],[10.212509,50.0380213]]",0,OSM_W1304152409
H2,service::00035,service,0.0171057163888783,110.34659930528571,"[[10.2096127,50.0373846],[10.2098317,50.0374463]]",0,OSM_W1308524705
H2,service::00036,service,0.0091838124315522,110.17280805102591,"[[10.2100983,50.0372901],[10.2099748,50.0373126]]",0,OSM_W1308524706
H2,service::00037,service,0.0124564625563591,110.24460352131432,"[[10.2099633,50.0372303],[10.2101175,50.0371783]]",0,OSM_W1308524707
H2,service::00038,service,0.0169992419416478,110.34426345386521,"[[10.210361,50.0369057],[10.2102601,50.0370441]]",0,OSM_W1308524708
H2,service::00039,service,0.0115599009471828,25.972279189615275,"[[10.2098286,50.0371747],[10.2096697,50.0371935]]",0,OSM_W1308524712
H2,service::00040,service,0.0203723169056805,110.4182625526339,"[[10.1996758,50.0280132],[10.1995799,50.0278407]]",0,OSM_W1388616230
H2,service::00041,service,0.0150510762474589,26.048740942279302,"[[10.219207,50.041383],[10.219281,50.0412563]]",0,OSM_W203166667
H2,service::00042,service,0.0299555490537916,20.45792011253047,"[[10.2121033,50.0369655],[10.2118382,50.036757]]",0,OSM_W337992458
H2,service::00043,service,0.0166288892326822,110.33613860565546,"[[10.2130637,50.0382878],[10.2130691,50.0381383]]",0,OSM_W377875786
H2,service::00044,service,0.0227070081617212,110.4694815381157,"[[10.213064,50.0379754],[10.2129822,50.0377781]]",0,OSM_W377875789
H2,service::00045,service,0.0200179840015735,110.4104891262312,"[[10.213064,50.0379754],[10.2127843,50.0379796]]",0,OSM_W377875790
H2,service::00046,service,0.0140764407473462,110.28014271403784,"[[10.2122305,50.0374251],[10.2123321,50.0375335]]",0,OSM_W377875792
H2,service::00047,service,0.0174294108257798,110.35370056076371,"[[10.2122305,50.0374251],[10.2121549,50.0372761]]",0,OSM_W377875793
H2,service::00048,service,0.0687820211159306,111.48030688289182,"[[10.2122305,50.0374251],[10.2118293,50.0379872]]",0,OSM_W377875794
H2,service::00049,service,0.0195159650886077,110.39947573861058,"[[10.212838,50.038192],[10.2125659,50.0381798]]",0,OSM_W377875795
H2,service::00050,service,0.0508508174021062,111.08691498092152,"[[10.2122305,50.0374251],[10.2119844,50.0378541]]",0,OSM_W377875796
H2,service::00051,service,0.0296492043318185,110.62178162412465,"[[10.2122305,50.0374251],[10.2121473,50.0376863]]",0,OSM_W377875797
H2,service::00052,service,0.0595514384106436,111.27779676242737,"[[10.2110479,50.0384935],[10.2116614,50.0381316]]",0,OSM_W377875798
H2,service::00053,service,0.0184963301757466,110.37710680627144,"[[10.2122305,50.0374251],[10.211972,50.0374237]]",0,OSM_W377875800
H2,service::00054,service,0.0338541881911276,110.71403233150512,"[[10.2122305,50.0374251],[10.2118165,50.0375725]]",0,OSM_W377875801
H2,service::00055,service,0.049568096903593,111.0587736665439,"[[10.2110483,50.0374978],[10.2114885,50.037842]]",0,OSM_W377875802
H2,service::00056,service,0.0479866169271466,111.0240779788823,"[[10.2107685,50.0377605],[10.2113574,50.037967]]",0,OSM_W377875803
H2,service::00057,service,0.0444500231545655,110.94648971871938,"[[10.2110479,50.0384935],[10.211221,50.0381096]]",0,OSM_W377875804
H2,service::00058,service,0.0493792570921041,111.05463075535788,"[[10.2110483,50.0374978],[10.2116542,50.0377104]]",0,OSM_W377875805
H2,service::00059,service,0.0197999521891034,26.152748517778708,"[[10.2122305,50.0374251],[10.2125041,50.0373984]]",0,OSM_W377875806
H2,service::00060,service,0.0144172146229694,110.2876186410801,"[[10.2131504,50.0364278],[10.2130305,50.0363236]]",0,OSM_W377886970
H2,service::00061,service,0.018591705787466,110.3791991725891,"[[10.2126322,50.0363978],[10.2127621,50.036253]]",0,OSM_W377886971
H2,service::00062,service,0.0179865580163004,32.97094637984561,"[[10.2125549,50.0360482],[10.2125277,50.036209]]",0,OSM_W377886972
H2,service::00063,service,0.0203963670309354,110.41879016919799,"[[10.2007822,50.0284548],[10.201067,50.0284627]]",0,OSM_W384308375
H2,service::00064,service,0.0123331522825971,25.989214484293935,"[[10.2126821,50.0371319],[10.2128486,50.0371032]]",0,OSM_W387191367
H2,service::00065,service,0.0115233025917889,110.22413181670011,"[[10.2095416,50.0375379],[10.209691,50.0375766]]",0,OSM_W387191369
H2,service::00066,service,0.02403255788004,110.4985617942968,"[[10.1990212,50.0359571],[10.1992282,50.0361273]]",0,OSM_W387252719
H2,service::00067,service,0.027059519253392304,110.56496818973966,"[[10.1998238,50.036263],[10.1994793,50.0363634]]",0,OSM_W387252742
H2,service::00068,service,0.0373320760118803,110.79033195456398,"[[10.1998608,50.0369093],[10.1994797,50.0371386]]",0,OSM_W387252747
H2,service::00069,service,0.0278468886599144,110.58224176691374,"[[10.1996014,50.0378112],[10.1992165,50.0378483]]",0,OSM_W387252767
H2,service::00070,service,0.0173002172501983,110.35086629313561,"[[10.2057135,50.0380781],[10.2055745,50.0382054]]",0,OSM_W391938190
H2,service::00071,service,0.0159418984825194,110.3210673158678,"[[10.2042147,50.0379254],[10.2044375,50.0379242]]",0,OSM_W391938196
H2,service::00072,service,0.014471012230465,110.28879885789382,"[[10.2050402,50.0376491],[10.2051628,50.0375456]]",0,OSM_W391938209
H2,service::00073,service,0.0305759073305456,110.64211199593275,"[[10.2014354,50.0377814],[10.2018592,50.0377461]]",0,OSM_W391938218
H2,service::00074,service,0.0282748490077692,110.591630511182,"[[10.2046687,50.0373237],[10.2043083,50.0372194]]",0,OSM_W391938237
H2,service::00075,service,0.016538581304436,110.33415741841311,"[[10.2039819,50.0366322],[10.2038748,50.036764]]",0,OSM_W391938239
H2,service::00076,service,0.0185628104908082,110.37856526266052,"[[10.2041169,50.0374681],[10.2038618,50.0374377]]",0,OSM_W391938242
H2,service::00077,service,0.0230134243981853,110.47620377462088,"[[10.2040594,50.0380058],[10.2038843,50.0378322]]",0,OSM_W391938244
H2,service::00078,service,0.0206922717971259,110.42528178934946,"[[10.2033601,50.0376582],[10.2032653,50.0374824]]",0,OSM_W391938246
H2,service::00079,service,0.022945652051729,110.47471696767514,"[[10.203577,50.0371531],[10.2032783,50.037078]]",0,OSM_W391938248
H2,service::00080,service,0.0120393357081707,110.23545257199912,"[[10.2034146,50.0366455],[10.2034481,50.0367516]]",0,OSM_W391938250
H2,service::00081,service,0.0205181166955701,110.42146113839765,"[[10.2019769,50.0365296],[10.2022362,50.0366084]]",0,OSM_W391938263
H2,service::00082,service,0.0192631340992609,110.39392908548187,"[[10.2020244,50.0372995],[10.2021612,50.0374487]]",0,OSM_W391938268
H2,service::00083,service,0.0394445094049017,110.83667567572714,"[[10.2026812,50.0373208],[10.202587,50.0376703]]",0,OSM_W391938270
H2,service::00084,service,0.0350630251628422,110.74055236867635,"[[10.2033601,50.0376582],[10.203071,50.0379128]]",0,OSM_W391938272
H2,service::00085,service,0.0146159517281595,110.29197855407168,"[[10.2036798,50.0382358],[10.2035114,50.0381614]]",0,OSM_W391938274
H2,service::00086,service,0.013532345193661,110.26820630285917,"[[10.2022494,50.037114],[10.2024085,50.0370482]]",0,OSM_W391938276
H2,service::00087,service,0.0300223580667719,110.62996801432483,"[[10.2029273,50.0366593],[10.2025802,50.036811]]",0,OSM_W391938279
H2,service::00088,service,0.0175883523097578,22.55682154624652,"[[10.2036144,50.0361225],[10.203826,50.036203]]",0,OSM_W391938289
H2,service::00089,service,0.01391299491766,110.27655702593901,"[[10.2042952,50.0374845],[10.2044153,50.0375829]]",0,OSM_W391938292
H2,service::00090,service,0.0170273066675894,22.544534663603137,"[[10.2036144,50.0361225],[10.2037003,50.0359797]]",0,OSM_W391938316
H2,service::00091,service,0.0210192932103978,110.43245605490344,"[[10.2038861,50.0364994],[10.2036081,50.0364383]]",0,OSM_W391938318
H2,service::00092,service,0.0207052545464688,110.4255666076363,"[[10.2036144,50.0361225],[10.203496,50.0362924]]",0,OSM_W391938320
H2,service::00093,service,0.0117329291972109,110.22873061300338,"[[10.2016224,50.0380266],[10.2014588,50.0380194]]",0,OSM_W391938329
H2,service::00094,service,0.0199132261279341,82.91511926909592,"[[10.2018406,50.0369349],[10.2017845,50.0371103]]",0,OSM_W391938332
H2,service::00095,service,0.0263491284921458,110.54938340635181,"[[10.2014715,50.0369946],[10.2016905,50.0371851]]",0,OSM_W391938335
H2,service::00096,service,0.0149422763050288,110.29913749444978,"[[10.1985317,50.0259003],[10.1986963,50.0258176]]",0,OSM_W392955209
H2,service::00097,service,0.0158681925182805,110.31945034565611,"[[10.1989041,50.0260984],[10.1989446,50.0259581]]",0,OSM_W392955210
H2,service::00098,service,0.01637933890012,110.33066393792069,"[[10.1980033,50.025311],[10.1980469,50.0254556]]",0,OSM_W392955212
H2,service::00099,service,0.0107128208758936,110.20635144641639,"[[10.1980033,50.025311],[10.1979685,50.0254047]]",0,OSM_W392955213
H2,service::00100,service,0.0381339323216814,110.80792350759518,"[[10.2020219,50.0382604],[10.202451,50.038057]]",0,OSM_W399178548
H2,service::00101,service,0.016496868562660895,110.33324231883427,"[[10.2026812,50.0373208],[10.2029115,50.0373137]]",0,OSM_W399178549
H2,service::00102,service,0.038312703246436,110.81184548152707,"[[10.2024479,50.0384802],[10.2026483,50.0381607]]",0,OSM_W399178551
H2,service::00103,service,0.0303735673269893,110.63767298062233,"[[10.2026812,50.0373208],[10.2030884,50.037398]]",0,OSM_W399178552
H2,service::00104,service,0.0143462950105687,110.28606280024749,"[[10.2033601,50.0376582],[10.2035589,50.0376414]]",0,OSM_W399178555
H2,service::00105,service,0.0273125048910964,110.57051827320143,"[[10.2033601,50.0376582],[10.2037217,50.0377369]]",0,OSM_W399178557
H2,service::00106,service,0.0304858685642158,110.64013668964255,"[[10.2047988,50.0377692],[10.2046321,50.0380215]]",0,OSM_W399178562
H2,service::00107,service,0.0367651172913791,110.77789371801182,"[[10.2016224,50.0380266],[10.2020565,50.0378497]]",0,OSM_W399178564
H2,service::00108,service,0.0389378448887418,110.82556018421295,"[[10.2047988,50.0377692],[10.2048267,50.0381189]]",0,OSM_W399178565
H2,service::00109,service,0.037953948397546,110.80397492283801,"[[10.2020219,50.0382604],[10.2022537,50.0379534]]",0,OSM_W399178567
H2,service::00110,service,0.0486500363692134,111.03863256376805,"[[10.2052722,50.0378097],[10.2050212,50.0382163]]",0,OSM_W399178568
H2,service::00111,service,0.0176039596532584,110.3575298390723,"[[10.2023813,50.0371718],[10.2026242,50.0371466]]",0,OSM_W399178570
H2,service::00112,service,0.0147952442394361,110.29591189041038,"[[10.2011542,50.0377948],[10.2009736,50.03773]]",0,OSM_W406545307
H2,service::00113,service,0.0107342439326438,110.20682142586622,"[[10.2020401,50.0274303],[10.2020439,50.0275268]]",0,OSM_W421513237
H2,service::00114,service,0.0131409886305549,26.006907251681895,"[[10.2124526,50.03722],[10.2126185,50.0372707]]",0,OSM_W438212850
H2,service::00115,service,0.0266047612746512,26.301784891624415,"[[10.2128073,50.0372399],[10.2128746,50.0374752]]",0,OSM_W438212851
H2,service::00116,service,0.0186260992130634,26.12703931978933,"[[10.2128073,50.0372399],[10.2127893,50.037407]]",0,OSM_W438212852
H2,service::00117,service,0.0132637881631412,26.00959673755369,"[[10.2128073,50.0372399],[10.2127039,50.0373389]]",0,OSM_W438212853
H2,service::00118,service,0.0182553784761279,20.201697270602164,"[[10.2125687,50.036961],[10.212763,50.0368546]]",0,OSM_W49003180
H2,service::00119,service,0.0162702760313259,110.32827130285737,"[[10.2102116,50.0364313],[10.2100198,50.0365099]]",0,OSM_W527060045
H2,service::00120,service,0.0085285690071587,110.1584333309458,"[[10.2102156,50.0366665],[10.2103312,50.0366478]]",0,OSM_W527060537
H2,service::00121,service,0.0092433438145277,110.17411404998805,"[[10.210465,50.0368079],[10.2105393,50.0367399]]",0,OSM_W527060538
H2,service::00122,service,0.0086775846229204,25.909152497830295,"[[10.2031003,50.0365491],[10.2030875,50.0364715]]",0,OSM_W655227633
H2,service::00123,service,0.0116374854191962,25.973978398447425,"[[10.2034146,50.0366455],[10.203277,50.0365897]]",0,OSM_W655227634
H2,service::00124,service,0.0095817179608988,25.92895424442816,"[[10.2029273,50.0366593],[10.2030604,50.0366498]]",0,OSM_W655227635
H2,service::00125,service,0.0144264811851948,26.035061396400526,"[[10.2029273,50.0366593],[10.2031235,50.0366892]]",0,OSM_W655227636
H2,service::00126,service,0.0227974232894125,20.301163513455975,"[[10.2112901,50.0372706],[10.2111982,50.0370743]]",0,OSM_W655403120
H2,service::00127,service,0.012852017573277,26.00057837224407,"[[10.2108483,50.0374121],[10.2108548,50.0372966]]",0,OSM_W655403126
H2,service::00128,service,0.0146800403041435,26.04061471126102,"[[10.2192003,50.0407232],[10.2192707,50.0408472]]",0,OSM_W658221552
H2,service::00129,service,0.0113146587696405,25.966908042467047,"[[10.2192003,50.0407232],[10.2190438,50.0407378]]",0,OSM_W658221553
H2,service::00130,service,0.0184764845687025,26.123762529272074,"[[10.2186718,50.0406983],[10.2189293,50.0406858]]",0,OSM_W658221554
H2,service::00131,service,0.0154554652205473,26.05759765652415,"[[10.2190439,50.040875],[10.2188677,50.0409554]]",0,OSM_W658221555
H2,service::00132,service,0.0154191037272363,26.056801286126493,"[[10.2185058,50.0408584],[10.2187167,50.0408869]]",0,OSM_W658221556
H2,service::00133,service,0.0221270141424158,26.20371485579689,"[[10.2185058,50.0408584],[10.2186725,50.041026]]",0,OSM_W658221557
H2,service::00134,service,0.0122009578279513,25.986319238510593,"[[10.2182484,50.0411009],[10.2184042,50.0411455]]",0,OSM_W658221561
H2,service::00135,service,0.0182458285440053,26.11871080888243,"[[10.2182484,50.0411009],[10.2184961,50.0410619]]",0,OSM_W658221562
H2,service::00136,service,0.0200893430530094,26.159086629877795,"[[10.2182129,50.0414603],[10.2182609,50.0412823]]",0,OSM_W658221563
H2,service::00137,service,0.0116016252150086,25.97319300962925,"[[10.2182129,50.0414603],[10.2181781,50.0413584]]",0,OSM_W658221564
H2,service::00138,service,0.0158231191301377,26.065649821464355,"[[10.2182129,50.0414603],[10.2184339,50.0414655]]",0,OSM_W658221565
H2,service::00139,service,0.010883594982825,25.95746714460997,"[[10.2187121,50.0414837],[10.2185818,50.0415342]]",0,OSM_W658221566
H2,service::00140,service,0.0077661258753815,25.88919033058441,"[[10.2189307,50.0412253],[10.2189696,50.0411601]]",0,OSM_W658221568
H2,service::00141,service,0.0116748352468998,25.974796412138023,"[[10.2189307,50.0412253],[10.2188162,50.0411505]]",0,OSM_W658221569
H2,service::00142,service,0.0279384371018556,26.330994662249672,"[[10.2178443,50.0418291],[10.2176868,50.0415992]]",0,OSM_W658221573
H2,service::00143,service,0.0173985044111728,26.100153120663354,"[[10.2178779,50.0413165],[10.2177684,50.0414562]]",0,OSM_W658221574
H2,service::00144,service,0.0268277470119985,26.306668656451098,"[[10.2178443,50.0418291],[10.2177518,50.0415953]]",0,OSM_W658221575
H2,service::00145,service,0.0156468271666509,26.061788766138378,"[[10.2179811,50.0413564],[10.217892,50.0414849]]",0,OSM_W658221576
H2,service::00146,service,0.0174920509535381,26.102201931656634,"[[10.2182129,50.0414603],[10.2179953,50.041532]]",0,OSM_W658221577
H2,service::00147,service,0.0124005844816113,25.990691345084556,"[[10.2186073,50.0420728],[10.2184872,50.0419924]]",0,OSM_W658221579
H2,service::00148,service,0.0139807163466165,26.0252984986593,"[[10.2186073,50.0420728],[10.2184131,50.0420589]]",0,OSM_W658221580
H2,service::00149,service,0.0176670639280383,26.106034981376347,"[[10.2183402,50.0417813],[10.2182226,50.0416416]]",0,OSM_W658221581
H2,service::00150,service,0.009189320867843,25.920360213874336,"[[10.2183402,50.0417813],[10.2183664,50.0417004]]",0,OSM_W658221582
H2,service::00151,service,0.009039562141225,25.917080294650567,"[[10.2182443,50.0418585],[10.2182052,50.0417812]]",0,OSM_W658221583
H2,service::00152,service,0.0069922436310909,25.87224128542962,"[[10.2182443,50.0418585],[10.2183406,50.0418692]]",0,OSM_W658221584
H2,service::00153,service,0.0125978572867345,25.995011899785915,"[[10.2178443,50.0418291],[10.2180168,50.0418064]]",0,OSM_W658221585
H2,service::00154,service,0.007493799055701,25.883226011588526,"[[10.2182443,50.0418585],[10.2181634,50.0419013]]",0,OSM_W658221586
H2,service::00155,service,0.0141140568025768,20.111006806500832,"[[10.2179356,50.0424088],[10.2177599,50.0424665]]",0,OSM_W658221587
H2,service::00156,service,0.0158403610995392,26.06602744618458,"[[10.2178443,50.0418291],[10.2178128,50.0419701]]",0,OSM_W658221588
H2,service::00157,service,0.0236057113186229,26.236100716736637,"[[10.2177183,50.0422055],[10.2175639,50.0420179]]",0,OSM_W658221589
H2,service::00158,service,0.0214097908044912,26.188006519106573,"[[10.2177183,50.0422055],[10.2176302,50.0420215]]",0,OSM_W658221590
H2,service::00159,service,0.0211093604338315,26.181426617036184,"[[10.2178443,50.0418291],[10.2177225,50.042002]]",0,OSM_W658221591
H2,service::00160,service,0.0198932836947924,26.154792623411556,"[[10.2172137,50.0413852],[10.2173822,50.0415275]]",0,OSM_W658221592
H2,service::00161,service,0.0340018151638317,26.463793389217617,"[[10.2178443,50.0418291],[10.217395,50.0417295]]",0,OSM_W658221593
H2,service::00162,service,0.0302034712507372,26.380602842980384,"[[10.2178443,50.0418291],[10.2174295,50.0418795]]",0,OSM_W658221594
H2,service::00163,service,0.0259195233207339,26.28677702728515,"[[10.2177183,50.0422055],[10.2174659,50.0420383]]",0,OSM_W658221595
H2,service::00164,service,0.0178563776093218,26.11018123893241,"[[10.2181233,50.0423424],[10.2182786,50.0422167]]",0,OSM_W658221597
H2,service::00165,service,0.0071216739358994,25.87507597957344,"[[10.218067,50.0423114],[10.2180773,50.0422477]]",0,OSM_W658221598
H2,service::00166,service,0.0149826362923572,26.04724200674696,"[[10.2180254,50.0423045],[10.2180931,50.042177]]",0,OSM_W658221599
H2,service::00167,service,0.0140262351235978,26.026295425848648,"[[10.2177183,50.0422055],[10.2179059,50.0421689]]",0,OSM_W658221600
H2,service::00168,service,0.0280353493226209,26.333117206156086,"[[10.2206403,50.0417183],[10.2203794,50.0419064]]",0,OSM_W658221605
H2,service::00169,service,0.0261780186239284,26.292438508381853,"[[10.2210426,50.0419613],[10.220678,50.0419809]]",0,OSM_W658221606
H2,service::00170,service,0.0181655183938295,26.116951893767094,"[[10.2206403,50.0417183],[10.2204662,50.0418372]]",0,OSM_W658221607
H2,service::00171,service,0.0232124253473246,26.227487113497222,"[[10.2206403,50.0417183],[10.2203232,50.0417624]]",0,OSM_W658221608
H2,service::00172,service,0.0339573844144721,26.46282027450589,"[[10.2206403,50.0417183],[10.2201692,50.0416813]]",0,OSM_W658221609
H2,service::00173,service,0.0425154514989582,26.650258297324818,"[[10.2197628,50.0412311],[10.2199869,50.0415852]]",0,OSM_W658221610
H2,service::00174,service,0.0212646789790943,110.43783938160472,"[[10.2193795,50.0414157],[10.2195162,50.0415855]]",0,OSM_W658221612
H2,service::00175,service,0.0296224441763827,56.52169612560095,"[[10.2191562,50.041636],[10.2194928,50.0417911]]",0,OSM_W658221614
H2,service::00176,service,0.0132010678409182,26.00822307251322,"[[10.2200145,50.0427443],[10.2199499,50.0426331]]",0,OSM_W658221615
H2,service::00177,service,0.0118304986344083,25.978205659265033,"[[10.219643,50.0425521],[10.2198081,50.0425579]]",0,OSM_W658221616
H2,service::00178,service,0.0181986057715268,26.117676557927677,"[[10.2195806,50.0425198],[10.2194879,50.0423674]]",0,OSM_W658221617
H2,service::00179,service,0.0066922415960885,25.865670846966797,"[[10.2197975,50.0424274],[10.219888,50.0424122]]",0,OSM_W658221618
H2,service::00180,service,0.0074154482410917,25.881510024961823,"[[10.219061,50.0422497],[10.219164,50.0422423]]",0,OSM_W658221626
H2,service::00181,service,0.0206619986222359,110.4246176500813,"[[10.2190189,50.0418509],[10.2190868,50.0420315]]",0,OSM_W658221627
H2,service::00182,service,0.0157370437740675,110.31657318916014,"[[10.219061,50.0422497],[10.2189991,50.0421139]]",0,OSM_W658221628
H2,service::00183,service,0.0131960431390941,26.00811302433766,"[[10.2189528,50.0426321],[10.2189118,50.0425164]]",0,OSM_W658221629
H2,service::00184,service,0.0106272021989834,25.95185178689716,"[[10.2194644,50.0426989],[10.2196099,50.0426797]]",0,OSM_W658221630
H2,service::00185,service,0.0049233647683501,25.82693015679104,"[[10.2193347,50.0427469],[10.2193804,50.0427138]]",0,OSM_W658221632
H2,service::00186,service,0.00951915185274,25.92758396128443,"[[10.2193347,50.0427469],[10.2192392,50.0426873]]",0,OSM_W658221633
H2,service::00187,service,0.0137353373874941,26.01992434448982,"[[10.2189528,50.0426321],[10.219135,50.0425932]]",0,OSM_W658221634
H2,service::00188,service,0.0104796355014713,25.948619872039533,"[[10.2185627,50.0424177],[10.2187077,50.0424044]]",0,OSM_W658221635
H2,service::00189,service,0.0124040839590018,56.14436103325299,"[[10.218962,50.0423651],[10.2188142,50.0423068]]",0,OSM_W658221636
H2,service::00190,service,0.0171214384813183,56.24773985136147,"[[10.2183081,50.0425284],[10.2184969,50.042623]]",0,OSM_W658221637
H2,service::00191,service,0.0203037428751893,26.16378232201653,"[[10.2194011,50.0426642],[10.2192605,50.0425056]]",0,OSM_W658221657
H2,service::00192,service,0.0388822736156985,26.57068458862004,"[[10.2210426,50.0419613],[10.2214714,50.0417465]]",0,OSM_W658485028
H2,service::00193,service,0.0181143328566458,110.36872648614961,"[[10.2200706,50.0404088],[10.2200581,50.0405715]]",0,OSM_W658485040
H2,service::00194,service,0.030246568658348,110.63488683382057,"[[10.2197903,50.04101],[10.2198764,50.0407437]]",0,OSM_W658485041
H2,service::00195,service,0.0107097486157513,82.71332240755423,"[[10.2197903,50.04101],[10.2196683,50.0409542]]",0,OSM_W658485042
H2,service::00196,service,0.0109661822208187,25.959275919978964,"[[10.2193545,50.0405716],[10.2195028,50.0405965]]",0,OSM_W658485048
H2,service::00197,service,0.0182282987311399,26.11832687916007,"[[10.2186718,50.0406983],[10.2186496,50.040535]]",0,OSM_W658485085
H2,service::00198,service,0.0097029472978688,25.931609332544376,"[[10.2181116,50.0406771],[10.2182422,50.0406536]]",0,OSM_W658485094
H2,service::00199,service,0.010608489651498,25.951441956192465,"[[10.2183423,50.0407832],[10.2183425,50.0408786]]",0,OSM_W658485095
H2,service::00200,service,0.0116082958608558,25.973339106136798,"[[10.2180763,50.0410218],[10.2182283,50.0409853]]",0,OSM_W658485096
H2,service::00201,service,0.0089746883954669,25.9156594717658,"[[10.2179235,50.0409463],[10.2180189,50.0408939]]",0,OSM_W658485097
H2,service::00202,service,0.0095051853894413,25.927278076690325,"[[10.2177559,50.0408472],[10.2178812,50.0408188]]",0,OSM_W658485098
H2,service::00203,service,0.0167506422504752,26.08596396245916,"[[10.2177559,50.0408472],[10.2176058,50.0409628]]",0,OSM_W658485100
H2,service::00204,service,0.0176943229657893,26.10663199572056,"[[10.2169,50.0405548],[10.2171471,50.0405612]]",0,OSM_W658485102
H2,service::00205,service,0.0194210960375804,26.144450978500245,"[[10.2169253,50.0406673],[10.2171721,50.04074]]",0,OSM_W658485104
H2,service::00206,service,0.0281606487733609,26.33586147936787,"[[10.2169253,50.0406673],[10.2171949,50.0408518]]",0,OSM_W658485105
H2,service::00207,service,0.0234441273957149,26.232561765328274,"[[10.2177559,50.0408472],[10.2174988,50.0407165]]",0,OSM_W658485106
H2,service::00208,service,0.0300081844760449,26.376325719681173,"[[10.2177559,50.0408472],[10.2173399,50.0408129]]",0,OSM_W658485107
H2,service::00209,service,0.0167395437634167,26.085720888927273,"[[10.2177559,50.0408472],[10.2175223,50.0408389]]",0,OSM_W658485108
H2,service::00210,service,0.0228964797101245,26.220567391657525,"[[10.2177559,50.0408472],[10.2175009,50.0409716]]",0,OSM_W658485110
H2,service::00211,service,0.0224629912166657,26.211073293734284,"[[10.2178779,50.0413165],[10.2177679,50.0411273]]",0,OSM_W658485112
H2,service::00212,service,0.0135505066761927,26.015876285293803,"[[10.2178779,50.0413165],[10.2177792,50.0412125]]",0,OSM_W658485113
H2,service::00213,service,0.0191884849811079,26.13935643573837,"[[10.2180763,50.0410218],[10.2178815,50.0411404]]",0,OSM_W658485114
H2,service::00214,service,0.0263547403050322,26.296309010607285,"[[10.2179235,50.0409463],[10.2176319,50.0410911]]",0,OSM_W658485115
H2,service::00215,service,0.0318097365343681,26.415782900932378,"[[10.2178779,50.0413165],[10.217545,50.0411269]]",0,OSM_W658485116
H2,service::00216,service,0.0194133299115461,26.144280888283365,"[[10.2170272,50.041129],[10.217225,50.0410095]]",0,OSM_W658485117
H2,service::00217,service,0.0175945034975295,26.104445797768626,"[[10.2170272,50.041129],[10.2172714,50.0411476]]",0,OSM_W658485118
H2,service::00218,service,0.012375780435046,25.990148101277654,"[[10.2172137,50.0413852],[10.2172843,50.0412836]]",0,OSM_W658485119
H2,service::00219,service,0.0181384968283151,26.116360080183117,"[[10.2165667,50.0413864],[10.2168136,50.0413494]]",0,OSM_W658485123
H2,service::00220,service,0.0209182531940075,26.17724106598329,"[[10.2165869,50.0416118],[10.2168705,50.0415661]]",0,OSM_W658485124
H2,service::00221,service,0.0247027632294621,110.51326494718371,"[[10.2165869,50.0416118],[10.2169051,50.041698]]",0,OSM_W658485125
H2,service::00222,service,0.0268026392270536,110.55933267112796,"[[10.2165688,50.0418434],[10.2169434,50.0418436]]",0,OSM_W658485126
H2,service::00223,service,0.0244602067231659,26.254815567799334,"[[10.2167531,50.0421391],[10.2169774,50.0419731]]",0,OSM_W658485127
H2,service::00224,service,0.0190233841222295,26.13574047159254,"[[10.2167531,50.0421391],[10.2170087,50.042092]]",0,OSM_W658485128
H2,service::00225,service,0.0155045882112741,26.058673522599793,"[[10.2171918,50.0423219],[10.2169939,50.0422651]]",0,OSM_W658485129
H2,service::00226,service,0.0088258971275773,25.912400741807154,"[[10.2189307,50.0412253],[10.2188861,50.0411513]]",0,OSM_W658485132
H2,service::00227,service,0.0139255491982195,26.02409025820479,"[[10.2189307,50.0412253],[10.2188605,50.0411085]]",0,OSM_W658485134
H2,service::00228,service,0.0347365016579555,26.479884373241873,"[[10.2206403,50.0417183],[10.2206198,50.0414062]]",0,OSM_W658511419
H2,service::00229,service,0.0207328395199553,26.17318021369787,"[[10.2206403,50.0417183],[10.2205767,50.0415364]]",0,OSM_W658511424
H2,service::00230,service,0.0402960829501602,26.60164975112932,"[[10.2206403,50.0417183],[10.2203281,50.0414167]]",0,OSM_W658511425
H2,service::00231,service,0.0282816945751068,26.3385125906437,"[[10.2197628,50.0412311],[10.2201349,50.0413169]]",0,OSM_W658511426
H2,service::00232,service,0.0131419817523213,26.006929002471676,"[[10.2197628,50.0412311],[10.2199405,50.0412012]]",0,OSM_W658511427
H2,service::00233,service,0.0157017429140322,110.31579875481826,"[[10.2198555,50.041039],[10.2200714,50.0410643]]",0,OSM_W658511428
H2,service::00234,service,0.0097873557964991,110.18604858325071,"[[10.2017108,50.0274818],[10.2018475,50.0274786]]",0,OSM_W837509066
H2,service::00235,service,0.0182648938018141,110.37202951663777,"[[10.2023124,50.027551],[10.2024518,50.0276886]]",0,OSM_W837509078
H2,service::00236,service,0.0108307935341014,110.20893953307342,"[[10.202393,50.0271779],[10.2025439,50.0271702]]",0,OSM_W837509080
H2,service::00237,service,0.0230536265317649,110.47708573927713,"[[10.2023531,50.027159],[10.2023572,50.0269517]]",0,OSM_W837509082
H2,service::00238,service,0.0172797903020363,82.85737798574667,"[[10.2026986,50.0279326],[10.2026361,50.0277825]]",0,OSM_W837509084
H2,service::00239,service,0.0081242463062012,25.89703364574654,"[[10.2128677,50.0365735],[10.2128174,50.036508]]",0,OSM_W918015370
H2,service::00240,service,0.0210497199251233,82.94003831868511,"[[10.2005911,50.0255581],[10.2005295,50.0257432]]",0,OSM_W958973693
