elapsed_minute,phase,service_voltage_factor,connection_bus_id,connection_bus_voltage_pu,drive_terminal_voltage_pu,pump_speed_command_pu,pump_actual_speed_pu,pump_flow_l_s,pump_electrical_power_mw,critical_node_pressure_m,maximum_pressure_m,maximum_water_velocity_m_s,delivered_water_fraction,system_minimum_voltage_pu,maximum_line_loading_percent,maximum_transformer_loading_percent,inner_iterations,voltage_residual_pu,pump_power_residual_mw,water_limits_passed,electricity_limits_passed,inner_coupling_converged,normal_state_limits_passed,disturbed_state_retained
0,normal_pre,1.0,PB046,1.0380946731710137,1.0380946731710137,0.99,1.0088568632196517,130.0577074289322,0.2028450036264777,42.12066650390625,109.06000518798828,0.49975845217704773,1.0,0.9234969489010288,80.51545169321089,86.11283985378857,3,1.444274921880151e-09,5.138576975871612e-07,True,True,True,True,True
5,normal_pre,1.0,PB046,1.0380946723550297,1.0380946723550297,0.99,1.0088568628157395,130.05763292312622,0.20284494495323654,42.12068557739258,109.06004333496094,0.49975845217704773,1.0,0.9234969489012854,80.51545169321062,86.1128398782251,3,2.710320856635917e-11,9.64125207447708e-09,True,True,True,True,True
10,normal_pre,1.0,PB046,1.0380946723719322,1.0380946723719322,0.99,1.0088568628241066,130.05763292312622,0.20284494495323654,42.12068557739258,109.06004333496094,0.49975845217704773,1.0,0.923496948901107,80.51545169321442,86.11283987771718,3,1.7197354651443675e-12,6.170401412042281e-10,True,True,True,True,True
15,normal_pre,1.0,PB046,1.0380946723730125,1.0380946723730125,0.99,1.008856862824641,130.05763292312622,0.20284494495323654,42.12068557739258,109.06004333496094,0.49975845217704773,1.0,0.9234969489011015,80.51545169321075,86.11283987768918,3,1.1657341758564144e-13,3.949057747476559e-11,True,True,True,True,True
20,normal_pre,1.0,PB046,1.0380946723730942,1.0380946723730942,0.99,1.0088568628246817,130.05763292312622,0.20284494495323654,42.12068557739258,109.06004333496094,0.49975845217704773,1.0,0.923496948901111,80.51545169321456,86.11283987768519,3,1.4432899320127035e-14,2.5273949599835532e-12,True,True,True,True,True
25,normal_pre,1.0,PB046,1.0380946723730937,1.0380946723730937,0.99,1.0088568628246815,130.05763292312622,0.20284494495323654,42.12068557739258,109.06004333496094,0.49975845217704773,1.0,0.9234969489011017,80.51545169321062,86.11283987768441,3,1.7763568394002505e-15,1.617594946878853e-13,True,True,True,True,True
30,fault_depressed,0.855,PB046,1.0384578953454122,0.8878815005203274,0.99,0.7125510247873589,116.6100725531578,0.07308266422351238,-16.85152816772461,44.70570755004883,0.4995783865451813,0.8970633875162572,0.9234969489010916,80.51545169321265,86.10196214884502,6,2.0420597970360888e-06,0.0007270600499437174,False,True,True,False,True
35,fault_depressed,0.855,PB046,1.0384591326607486,0.88788255842494,0.99,0.7125709239731215,116.62088334560394,0.07309764187182627,-16.848068237304688,44.71054458618164,0.4995783865451813,0.8971067694340247,0.9234969489010725,80.51545169321443,86.10192509908138,3,1.2297983009723623e-07,4.3786231232870176e-05,False,True,True,False,True
40,fault_depressed,0.855,PB046,1.0384592072083758,0.8878826221631613,0.99,0.7125721228890634,116.62157624959946,0.0730985404622773,-16.847864151000977,44.71082305908203,0.4995783865451813,0.8971092336644922,0.9234969489010626,80.51545169320707,86.10192286685286,3,7.372651822379339e-09,2.6249883801621188e-06,False,True,True,False,True
45,fault_depressed,0.855,PB046,1.0384592117075315,0.8878826260099394,0.99,0.7125721952469597,116.62160605192184,0.07309858493575747,-16.84784507751465,44.71086120605469,0.4995783865451813,0.8971094055875481,0.9234969489011229,80.51545169321116,86.10192273213148,3,4.36582769935967e-10,1.554373469381254e-07,False,True,True,False,True
50,fault_depressed,0.855,PB046,1.0384592119803784,0.8878826262432234,0.99,0.7125721996350329,116.62162095308304,0.07309859427582605,-16.84784507751465,44.71084213256836,0.4995783865451813,0.8971093482798629,0.9234969489011109,80.51545169320735,86.1019227239624,3,1.209277122882213e-11,4.300326747475047e-09,False,True,True,False,True
55,voltage_recovery,0.855,PB046,1.0384592120248632,0.887882626281258,0.99,0.7125722003504632,116.62165820598602,0.07309856603927517,-16.847864151000977,44.71082305908203,0.4995783865451813,0.8971091190491217,0.9234969489011043,80.51545169320732,86.10192272262894,3,4.0152992042408187e-11,1.429743619330015e-08,False,True,True,False,True
60,voltage_recovery,0.9275,PB046,1.0381491119657538,0.9628833013482366,0.99,0.9716272341673772,130.05076348781586,0.18392677865291113,32.091209411621094,99.0298080444336,0.4997303783893585,1.0,0.923496948901262,80.5154516932087,86.11120934116616,6,1.905674439139915e-06,0.0006780978499681956,True,True,True,True,True
65,normal_post,1.0,PB046,1.038096059932907,1.038096059932907,0.99,1.0088575496667889,130.05776703357697,0.20284590201028121,42.121089935302734,109.06045532226562,0.49975845217704773,1.0,0.9234969489008642,80.51545169320869,86.11279831763298,4,2.0853675837262386e-06,0.0007419620564653728,True,True,True,True,True
70,normal_post,1.0,PB046,1.0380947608612865,1.0380947608612865,0.99,1.0088569066263369,130.05761802196503,0.20284497924259567,42.1207389831543,109.0600814819336,0.49975845217704773,1.0,0.9234969489013589,80.51545169321089,86.11283722729597,3,1.3287681355222958e-07,4.727661625364421e-05,True,True,True,True,True
75,normal_post,1.0,PB046,1.0380946778811044,1.0380946778811044,0.99,1.0088568655511465,130.0577074289322,0.2028450036264777,42.12066650390625,109.06000518798828,0.49975845217704773,1.0,0.9234969489011638,80.51545169321089,86.11283971270927,3,8.509391413724643e-09,3.0275780259769736e-06,True,True,True,True,True
80,normal_post,1.0,PB046,1.038094672547888,1.038094672547888,0.99,1.0088568629112045,130.05772233009338,0.20284502686713107,42.12064743041992,109.06000518798828,0.49975845217704773,1.0,0.923496948901172,80.51545169321253,86.11283987245025,3,6.075495662116737e-10,2.1615833240007376e-07,True,True,True,True,True
85,normal_post,1.0,PB046,1.038094672365473,1.038094672365473,0.99,1.008856862820909,130.05763292312622,0.20284494495323654,42.12068557739258,109.06004333496094,0.49975845217704773,1.0,0.9234969489012752,80.51545169321633,86.11283987791639,3,1.1439071911922838e-11,4.069565712194745e-09,True,True,True,True,True
90,normal_post,1.0,PB046,1.0380946723726001,1.0380946723726001,0.99,1.0088568628244372,130.05763292312622,0.20284494495323654,42.12068557739258,109.06004333496094,0.49975845217704773,1.0,0.9234969489011083,80.51545169321075,86.11283987769936,3,7.220890552162018e-13,2.6045218759485067e-10,True,True,True,True,True
95,normal_post,1.0,PB046,1.0380946723730584,1.0380946723730584,0.99,1.008856862824664,130.05763292312622,0.20284494495323654,42.12068557739258,109.06004333496094,0.49975845217704773,1.0,0.9234969489011083,80.51545169321075,86.11283987768728,3,4.0190073491430667e-14,1.666894400287333e-11,True,True,True,True,True
100,normal_post,1.0,PB046,1.0380946723730862,1.0380946723730862,0.99,1.0088568628246777,130.05763292312622,0.20284494495323654,42.12068557739258,109.06004333496094,0.49975845217704773,1.0,0.9234969489011087,80.51545169321075,86.11283987768665,3,1.3322676295501878e-15,1.066813304362313e-12,True,True,True,True,True
105,normal_post,1.0,PB046,1.038094672373093,1.038094672373093,0.99,1.0088568628246812,130.05763292312622,0.20284494495323654,42.12068557739258,109.06004333496094,0.49975845217704773,1.0,0.9234969489011138,80.51545169321264,86.11283987768478,3,4.440892098500626e-16,6.827871601444713e-14,True,True,True,True,True
110,normal_post,1.0,PB046,1.0380946723730926,1.0380946723730926,0.99,1.0088568628246808,130.05763292312622,0.20284494495323654,42.12068557739258,109.06004333496094,0.49975845217704773,1.0,0.9234969489011138,80.51545169321264,86.11283987768509,3,2.220446049250313e-16,4.3576253716537394e-15,True,True,True,True,True
115,normal_post,1.0,PB046,1.038094672373092,1.038094672373092,0.99,1.0088568628246806,130.05763292312622,0.20284494495323654,42.12068557739258,109.06004333496094,0.49975845217704773,1.0,0.9234969489011121,80.51545169321456,86.11283987768512,3,0.0,2.7755575615628914e-16,True,True,True,True,True
120,normal_post,1.0,PB046,1.038094672373092,1.038094672373092,0.99,1.0088568628246806,130.05763292312622,0.20284494495323654,42.12068557739258,109.06004333496094,0.49975845217704773,1.0,0.9234969489011121,80.51545169321456,86.11283987768512,3,0.0,2.7755575615628914e-17,True,True,True,True,True
